Workbook

Sheet all
B3: INTER-TRAIT CORRELATIONS (HEXACO DOMAINS)
B4: Domains | C4: HH | D4: EM | E4: EX | F4: AG | G4: CO | H4: OE
B5: HH | C5: 1 | D5: ='相関_スピアマン'!J2&p!J2 | E5: ='相関_スピアマン'!K2&p!K2 | F5: ='相関_スピアマン'!L2&p!L2 | G5: ='相関_スピアマン'!M2&p!M2 | H5: ='相関_スピアマン'!N2&p!N2
B6: EM | C6: ='相関_スピアマン'!I3&p!I3&" ["&ci_lower!I3&", "&ci_upper!I3&"]" -> .04** [.024, .058] | D6: 1 | E6: ='相関_スピアマン'!K3&p!K3 | F6: ='相関_スピアマン'!L3&p!L3 | G6: ='相関_スピアマン'!M3&p!M3 | H6: ='相関_スピアマン'!N3&p!N3
B7: EX | C7: ='相関_スピアマン'!I4&p!I4&" ["&ci_lower!I4&", "&ci_upper!I4&"]" -> -.23** [-.247, -.214] | D7: ='相関_スピアマン'!J4&p!J4&" ["&ci_lower!J4&", "&ci_upper!J4&"]" -> -0.2** [-.217, -.184] | E7: 1 | F7: ='相関_スピアマン'!L4&p!L4 | G7: ='相関_スピアマン'!M4&p!M4 | H7: ='相関_スピアマン'!N4&p!N4
B8: AG | C8: ='相関_スピアマン'!I5&p!I5&" ["&ci_lower!I5&", "&ci_upper!I5&"]" -> .18** [.162, .194] | D8: ='相関_スピアマン'!J5&p!J5&" ["&ci_lower!J5&", "&ci_upper!J5&"]" -> 0.1** [.088, .122] | E8: ='相関_スピアマン'!K5&p!K5&" ["&ci_lower!K5&", "&ci_upper!K5&"]" -> .04** [.024, .058] | F8: 1 | G8: ='相関_スピアマン'!M5&p!M5 | H8: ='相関_スピアマン'!N5&p!N5
B9: CO | C9: ='相関_スピアマン'!I6&p!I6&" ["&ci_lower!I6&", "&ci_upper!I6&"]" -> .18** [.167, 0.2] | D9: ='相関_スピアマン'!J6&p!J6&" ["&ci_lower!J6&", "&ci_upper!J6&"]" -> .11** [.092, .125] | E9: ='相関_スピアマン'!K6&p!K6&" ["&ci_lower!K6&", "&ci_upper!K6&"]" -> -.04** [-.062, -.027] | F9: ='相関_スピアマン'!L6&p!L6&" ["&ci_lower!L6&", "&ci_upper!L6&"]" -> -.05** [-.071, -.037] | G9: 1 | H9: ='相関_スピアマン'!N6&p!N6
B10: OE | C10: ='相関_スピアマン'!I7&p!I7&" ["&ci_lower!I7&", "&ci_upper!I7&"]" -> .06** [.041, .075] | D10: ='相関_スピアマン'!J7&p!J7&" ["&ci_lower!J7&", "&ci_upper!J7&"]" -> .02** [.007, .042] | E10: ='相関_スピアマン'!K7&p!K7&" ["&ci_lower!K7&", "&ci_upper!K7&"]" -> .09** [.069, .103] | F10: ='相関_スピアマン'!L7&p!L7&" ["&ci_lower!L7&", "&ci_upper!L7&"]" -> .07** [.055, .089] | G10: ='相関_スピアマン'!M7&p!M7&" ["&ci_lower!M7&", "&ci_upper!M7&"]" -> .18** [.159, .191] | H10: 1
B11: Note. Values represent Spearman correlations with 95% confidence intervals shown in brackets. HH = Honesty–Humility; EM = Emotionality; EX = Extraversion; AG = Agreeableness; CO = Conscientiousness; OE = Openness to Experience. **p < .01; *p < .05.

Sheet all_p
B3: INTER-TRAIT CORRELATIONS (HEXACO DOMAINS)
B4: Domains | C4: HH | D4: EM | E4: EX | F4: AG | G4: CO | H4: OE
B5: HH | C5: 1 | D5: ='相関_スピアマン'!J2&p!J2 | E5: ='相関_スピアマン'!K2&p!K2 | F5: ='相関_スピアマン'!L2&p!L2 | G5: ='相関_スピアマン'!M2&p!M2 | H5: ='相関_スピアマン'!N2&p!N2
B6: EM | C6: ='相関_スピアマン'!I3&p!I3&" ["&ci_lower!I3&", "&ci_upper!I3&"]" -> .04** [.024, .058] | D6: 1 | E6: ='相関_スピアマン'!K3&p!K3 | F6: ='相関_スピアマン'!L3&p!L3 | G6: ='相関_スピアマン'!M3&p!M3 | H6: ='相関_スピアマン'!N3&p!N3
B7: EX | C7: ='相関_スピアマン'!I4&p!I4&" ["&ci_lower!I4&", "&ci_upper!I4&"]" -> -.23** [-.247, -.214] | D7: ='相関_スピアマン'!J4&p!J4&" ["&ci_lower!J4&", "&ci_upper!J4&"]" -> -0.2** [-.217, -.184] | E7: 1 | F7: ='相関_スピアマン'!L4&p!L4 | G7: ='相関_スピアマン'!M4&p!M4 | H7: ='相関_スピアマン'!N4&p!N4
B8: AG | C8: ='相関_スピアマン'!I5&p!I5&" ["&ci_lower!I5&", "&ci_upper!I5&"]" -> .18** [.162, .194] | D8: ='相関_スピアマン'!J5&p!J5&" ["&ci_lower!J5&", "&ci_upper!J5&"]" -> 0.1** [.088, .122] | E8: ='相関_スピアマン'!K5&p!K5&" ["&ci_lower!K5&", "&ci_upper!K5&"]" -> .04** [.024, .058] | F8: 1 | G8: ='相関_スピアマン'!M5&p!M5 | H8: ='相関_スピアマン'!N5&p!N5
B9: CO | C9: ='相関_スピアマン'!I6&p!I6&" ["&ci_lower!I6&", "&ci_upper!I6&"]" -> .18** [.167, 0.2] | D9: ='相関_スピアマン'!J6&p!J6&" ["&ci_lower!J6&", "&ci_upper!J6&"]" -> .11** [.092, .125] | E9: ='相関_スピアマン'!K6&p!K6&" ["&ci_lower!K6&", "&ci_upper!K6&"]" -> -.04** [-.062, -.027] | F9: ='相関_スピアマン'!L6&p!L6&" ["&ci_lower!L6&", "&ci_upper!L6&"]" -> -.05** [-.071, -.037] | G9: 1 | H9: ='相関_スピアマン'!N6&p!N6
B10: OE | C10: ='相関_スピアマン'!I7&p!I7&" ["&ci_lower!I7&", "&ci_upper!I7&"]" -> .06** [.041, .075] | D10: ='相関_スピアマン'!J7&p!J7&" ["&ci_lower!J7&", "&ci_upper!J7&"]" -> .02** [.007, .042] | E10: ='相関_スピアマン'!K7&p!K7&" ["&ci_lower!K7&", "&ci_upper!K7&"]" -> .09** [.069, .103] | F10: ='相関_スピアマン'!L7&p!L7&" ["&ci_lower!L7&", "&ci_upper!L7&"]" -> .07** [.055, .089] | G10: ='相関_スピアマン'!M7&p!M7&" ["&ci_lower!M7&", "&ci_upper!M7&"]" -> .18** [.159, .191] | H10: 1
B11: Note. Values represent Spearman correlations with 95% confidence intervals shown in brackets. HH = Honesty–Humility; EM = Emotionality; EX = Extraversion; AG = Agreeableness; CO = Conscientiousness; OE = Openness to Experience. **p < .01; *p < .05.

Sheet 相関_スピアマン
B1: Honesty-Humility | C1: Emotionality | D1: Extraversion | E1: Agreeableness | F1: Conscientiousness | G1: Openness
A2: Honesty-Humility | B2: 1 | C2: 0.04179606 | D2: -0.23125015 | E2: 0.17790955 | F2: 0.1835247 | G2: 0.057725424 | I2: =ROUND(B2,2) -> 1
A3: Emotionality | B3: 0.04179606 | C3: 1 | D3: -0.20098278 | E3: 0.10434123 | F3: 0.10850451 | G3: 0.023965599 | I3: =IF(B3<0,"-","")&right(ROUND(B3,2),3) -> .04 | J3: =ROUND(C3,2) -> 1
A4: Extraversion | B4: -0.23125015 | C4: -0.20098278 | D4: 1 | E4: 0.040659074 | F4: -0.044005257 | G4: 0.085799851 | I4: =IF(B4<0,"-","")&right(ROUND(B4,2),3) -> -.23 | J4: =IF(C4<0,"-","")&right(ROUND(C4,2),3) -> -0.2 | K4: =ROUND(D4,2) -> 1
A5: Agreeableness | B5: 0.17790955 | C5: 0.10434123 | D5: 0.040659074 | E5: 1 | F5: -0.054540503 | G5: 0.072206224 | I5: =IF(B5<0,"-","")&right(ROUND(B5,2),3) -> .18 | J5: =IF(C5<0,"-","")&right(ROUND(C5,2),3) -> 0.1 | K5: =IF(D5<0,"-","")&right(ROUND(D5,2),3) -> .04 | L5: =ROUND(E5,2) -> 1
A6: Conscientiousness | B6: 0.1835247 | C6: 0.10850451 | D6: -0.044005257 | E6: -0.054540503 | F6: 1 | G6: 0.17501249 | I6: =IF(B6<0,"-","")&right(ROUND(B6,2),3) -> .18 | J6: =IF(C6<0,"-","")&right(ROUND(C6,2),3) -> .11 | K6: =IF(D6<0,"-","")&right(ROUND(D6,2),3) -> -.04 | L6: =IF(E6<0,"-","")&right(ROUND(E6,2),3) -> -.05 | M6: =ROUND(F6,2) -> 1
A7: Openness | B7: 0.057725424 | C7: 0.023965599 | D7: 0.085799851 | E7: 0.072206224 | F7: 0.17501249 | G7: 1 | I7: =IF(B7<0,"-","")&right(ROUND(B7,2),3) -> .06 | J7: =IF(C7<0,"-","")&right(ROUND(C7,2),3) -> .02 | K7: =IF(D7<0,"-","")&right(ROUND(D7,2),3) -> .09 | L7: =IF(E7<0,"-","")&right(ROUND(E7,2),3) -> .07 | M7: =IF(F7<0,"-","")&right(ROUND(F7,2),3) -> .18 | N7: =ROUND(G7,2) -> 1

Sheet p
B1: Honesty-Humility | C1: Emotionality | D1: Extraversion | E1: Agreeableness | F1: Conscientiousness | G1: Openness | I1: Honesty-Humility | J1: Emotionality | K1: Extraversion | L1: Agreeableness | M1: Conscientiousness | N1: Openness
A2: Honesty-Humility | B2: 0 | C2: 1.02e-06 | D2: 2.37e-165 | E2: 1.37e-97 | F2: 7.89e-104 | G2: 1.44e-11
A3: Emotionality | B3: 1.02e-06 | C3: 0 | D3: 1.48e-124 | E3: 2.13e-34 | F3: 4.48e-37 | G3: 0.005079166 | I3: =IF(B3="","",IF(B3<0.01,"**",IF(B3<0.05,"*",""))) -> **
A4: Extraversion | B4: 2.37e-165 | C4: 1.48e-124 | D4: 0 | E4: 1.98e-06 | F4: 2.65e-07 | G4: 9.33e-24 | I4: =IF(B4="","",IF(B4<0.01,"**",IF(B4<0.05,"*",""))) -> ** | J4: =IF(C4="","",IF(C4<0.01,"**",IF(C4<0.05,"*",""))) -> **
A5: Agreeableness | B5: 1.37e-97 | C5: 2.13e-34 | D5: 1.98e-06 | E5: 0 | F5: 1.77e-10 | G5: 2.87e-17 | I5: =IF(B5="","",IF(B5<0.01,"**",IF(B5<0.05,"*",""))) -> ** | J5: =IF(C5="","",IF(C5<0.01,"**",IF(C5<0.05,"*",""))) -> ** | K5: =IF(D5="","",IF(D5<0.01,"**",IF(D5<0.05,"*",""))) -> **
A6: Conscientiousness | B6: 7.89e-104 | C6: 4.48e-37 | D6: 2.65e-07 | E6: 1.77e-10 | F6: 0 | G6: 1.88e-94 | I6: =IF(B6="","",IF(B6<0.01,"**",IF(B6<0.05,"*",""))) -> ** | J6: =IF(C6="","",IF(C6<0.01,"**",IF(C6<0.05,"*",""))) -> ** | K6: =IF(D6="","",IF(D6<0.01,"**",IF(D6<0.05,"*",""))) -> ** | L6: =IF(E6="","",IF(E6<0.01,"**",IF(E6<0.05,"*",""))) -> **
A7: Openness | B7: 1.44e-11 | C7: 0.005079166 | D7: 9.33e-24 | E7: 2.87e-17 | F7: 1.88e-94 | G7: 0 | I7: =IF(B7="","",IF(B7<0.01,"**",IF(B7<0.05,"*",""))) -> ** | J7: =IF(C7="","",IF(C7<0.01,"**",IF(C7<0.05,"*",""))) -> ** | K7: =IF(D7="","",IF(D7<0.01,"**",IF(D7<0.05,"*",""))) -> ** | L7: =IF(E7="","",IF(E7<0.01,"**",IF(E7<0.05,"*",""))) -> ** | M7: =IF(F7="","",IF(F7<0.01,"**",IF(F7<0.05,"*",""))) -> **

Sheet p_2
B1: Honesty-Humility | C1: Emotionality | D1: Extraversion | E1: Agreeableness | F1: Conscientiousness | G1: Openness | I1: Honesty-Humility | J1: Emotionality | K1: Extraversion | L1: Agreeableness | M1: Conscientiousness | N1: Openness
A2: Honesty-Humility | B2: 0 | C2: 1.02e-06 | D2: 2.37e-165 | E2: 1.37e-97 | F2: 7.89e-104 | G2: 1.44e-11
A3: Emotionality | B3: 1.02e-06 | C3: 0 | D3: 1.48e-124 | E3: 2.13e-34 | F3: 4.48e-37 | G3: 0.005079166 | I3: =IF(B3="","",IF(B3<0.01,"p < .001",IF(B3<0.05,ROUND(B3,4),""))) -> p < .001
A4: Extraversion | B4: 2.37e-165 | C4: 1.48e-124 | D4: 0 | E4: 1.98e-06 | F4: 2.65e-07 | G4: 9.33e-24 | I4: =IF(B4="","",IF(B4<0.01,"p < .001",IF(B4<0.05,ROUND(B4,4),""))) -> p < .001 | J4: =IF(C4="","",IF(C4<0.01,"p < .001",IF(C4<0.05,ROUND(C4,4),""))) -> p < .001
A5: Agreeableness | B5: 1.37e-97 | C5: 2.13e-34 | D5: 1.98e-06 | E5: 0 | F5: 1.77e-10 | G5: 2.87e-17 | I5: =IF(B5="","",IF(B5<0.01,"p < .001",IF(B5<0.05,ROUND(B5,4),""))) -> p < .001 | J5: =IF(C5="","",IF(C5<0.01,"p < .001",IF(C5<0.05,ROUND(C5,4),""))) -> p < .001 | K5: =IF(D5="","",IF(D5<0.01,"p < .001",IF(D5<0.05,ROUND(D5,4),""))) -> p < .001
A6: Conscientiousness | B6: 7.89e-104 | C6: 4.48e-37 | D6: 2.65e-07 | E6: 1.77e-10 | F6: 0 | G6: 1.88e-94 | I6: =IF(B6="","",IF(B6<0.01,"p < .001",IF(B6<0.05,ROUND(B6,4),""))) -> p < .001 | J6: =IF(C6="","",IF(C6<0.01,"p < .001",IF(C6<0.05,ROUND(C6,4),""))) -> p < .001 | K6: =IF(D6="","",IF(D6<0.01,"p < .001",IF(D6<0.05,ROUND(D6,4),""))) -> p < .001 | L6: =IF(E6="","",IF(E6<0.01,"p < .001",IF(E6<0.05,ROUND(E6,4),""))) -> p < .001
A7: Openness | B7: 1.44e-11 | C7: 0.005079166 | D7: 9.33e-24 | E7: 2.87e-17 | F7: 1.88e-94 | G7: 0 | I7: =IF(B7="","",IF(B7<0.01,"p < .001",IF(B7<0.05,ROUND(B7,4),""))) -> p < .001 | J7: =IF(C7="","",IF(C7<0.01,"p < .001",IF(C7<0.05,ROUND(C7,4),""))) -> p < .001 | K7: =IF(D7="","",IF(D7<0.01,"p < .001",IF(D7<0.05,ROUND(D7,4),""))) -> p < .001 | L7: =IF(E7="","",IF(E7<0.01,"p < .001",IF(E7<0.05,ROUND(E7,4),""))) -> p < .001 | M7: =IF(F7="","",IF(F7<0.01,"p < .001",IF(F7<0.05,ROUND(F7,4),""))) -> p < .001

Sheet ci_upper
B1: Honesty-Humility | C1: Emotionality | D1: Extraversion | E1: Agreeableness | F1: Conscientiousness | G1: Openness
A2: Honesty-Humility | C2: 0.058382648 | D2: -0.21445076 | E2: 0.19441067 | F2: 0.19995453 | G2: 0.075361314
A3: Emotionality | B3: 0.058382648 | D3: -0.18419464 | E3: 0.12201147 | F3: 0.12484897 | G3: 0.041616983 | I3: =IF(B3<0,"-","")&right(ROUND(B3,3),4) -> .058
A4: Extraversion | B4: -0.21445076 | C4: -0.18419464 | E4: 0.058089457 | F4: -0.027324937 | G4: 0.10285992 | I4: =IF(B4<0,"-","")&right(ROUND(B4,3),4) -> -.214 | J4: =IF(C4<0,"-","")&right(ROUND(C4,3),4) -> -.184
A5: Agreeableness | B5: 0.19441067 | C5: 0.12201147 | D5: 0.058089457 | F5: -0.037297752 | G5: 0.089213443 | I5: =IF(B5<0,"-","")&right(ROUND(B5,3),4) -> .194 | J5: =IF(C5<0,"-","")&right(ROUND(C5,3),4) -> .122 | K5: =IF(D5<0,"-","")&right(ROUND(D5,3),4) -> .058
A6: Conscientiousness | B6: 0.19995453 | C6: 0.12484897 | D6: -0.027324937 | E6: -0.037297752 | G6: 0.19124393 | I6: =IF(B6<0,"-","")&right(ROUND(B6,3),4) -> 0.2 | J6: =IF(C6<0,"-","")&right(ROUND(C6,3),4) -> .125 | K6: =IF(D6<0,"-","")&right(ROUND(D6,3),4) -> -.027 | L6: =IF(E6<0,"-","")&right(ROUND(E6,3),4) -> -.037
A7: Openness | B7: 0.075361314 | C7: 0.041616983 | D7: 0.10285992 | E7: 0.089213443 | F7: 0.19124393 | I7: =IF(B7<0,"-","")&right(ROUND(B7,3),4) -> .075 | J7: =IF(C7<0,"-","")&right(ROUND(C7,3),4) -> .042 | K7: =IF(D7<0,"-","")&right(ROUND(D7,3),4) -> .103 | L7: =IF(E7<0,"-","")&right(ROUND(E7,3),4) -> .089 | M7: =IF(F7<0,"-","")&right(ROUND(F7,3),4) -> .191

Sheet ci_lower
B1: Honesty-Humility | C1: Emotionality | D1: Extraversion | E1: Agreeableness | F1: Conscientiousness | G1: Openness
A2: Honesty-Humility | C2: 0.024350909 | D2: -0.24728436 | E2: 0.16173549 | F2: 0.16675557 | G2: 0.040919268
A3: Emotionality | B3: 0.024350909 | D3: -0.21683382 | E3: 0.088176301 | F3: 0.091724635 | G3: 0.006987446 | I3: =IF(B3<0,"-","")&right(ROUND(B3,3),4) -> .024
A4: Extraversion | B4: -0.24728436 | C4: -0.21683382 | E4: 0.02367177 | F4: -0.06160322 | G4: 0.069020052 | I4: =IF(B4<0,"-","")&right(ROUND(B4,3),4) -> -.247 | J4: =IF(C4<0,"-","")&right(ROUND(C4,3),4) -> -.217
A5: Agreeableness | B5: 0.16173549 | C5: 0.088176301 | D5: 0.02367177 | F5: -0.0714384 | G5: 0.05515735 | I5: =IF(B5<0,"-","")&right(ROUND(B5,3),4) -> .162 | J5: =IF(C5<0,"-","")&right(ROUND(C5,3),4) -> .088 | K5: =IF(D5<0,"-","")&right(ROUND(D5,3),4) -> .024
A6: Conscientiousness | B6: 0.16675557 | C6: 0.091724635 | D6: -0.06160322 | E6: -0.0714384 | G6: 0.15871324 | I6: =IF(B6<0,"-","")&right(ROUND(B6,3),4) -> .167 | J6: =IF(C6<0,"-","")&right(ROUND(C6,3),4) -> .092 | K6: =IF(D6<0,"-","")&right(ROUND(D6,3),4) -> -.062 | L6: =IF(E6<0,"-","")&right(ROUND(E6,3),4) -> -.071
A7: Openness | B7: 0.040919268 | C7: 0.006987446 | D7: 0.069020052 | E7: 0.05515735 | F7: 0.15871324 | I7: =IF(B7<0,"-","")&right(ROUND(B7,3),4) -> .041 | J7: =IF(C7<0,"-","")&right(ROUND(C7,3),4) -> .007 | K7: =IF(D7<0,"-","")&right(ROUND(D7,3),4) -> .069 | L7: =IF(E7<0,"-","")&right(ROUND(E7,3),4) -> .055 | M7: =IF(F7<0,"-","")&right(ROUND(F7,3),4) -> .159
